{
    "f1_test": 0.6972165648336728,
    "recall_test": 0.6406737367436057,
    "precision_test": 0.7647058823529411,
    "accu_score_test": 0.8629379225568531
}