{
    "f1_train": 0.8372211383493087,
    "recall_train": 0.7913726747915331,
    "precision_train": 0.8887088060507834,
    "accu_score_train": 0.926274539936225
}